rfc_score,gbc_score,logreg_score
0.14648278907652634,1.677252264969093e-07,0.0012020176824554768
0.31481266143214603,9.608910765164984e-05,0.6143561079296348
0.45468007335376626,0.13821185264121155,0.7081497057486571
